Workbook
Name 상태목록: 설정!$B$6:$B$10
Name 우선순위목록: 설정!$C$6:$C$8
Name 분류목록: 설정!$D$6:$D$11
Name 팀원목록: 설정!$E$6:$E$10

Sheet 대시보드
B2: 📊 프로젝트 대시보드
B3: =TEXT(TODAY(),"yyyy년 mm월 dd일")&" 기준 · 프로젝트 시트 데이터가 자동 집계됩니다."
B5: 전체 프로젝트 | D5: 진행중 | F5: 완료 | H5: 지연 | J5: 마감 초과(미완료) | L5: 평균 진행률
B6: =COUNTIF(프로젝트!$B$6:$B$105,"<>") | D6: =COUNTIF(프로젝트!$G$6:$G$105,"진행중") | F6: =COUNTIF(프로젝트!$G$6:$G$105,"완료") | H6: =COUNTIF(프로젝트!$G$6:$G$105,"지연") | J6: =COUNTIFS(프로젝트!$B$6:$B$105,"<>",프로젝트!$G$6:$G$105,"<>완료",프로젝트!$I$6:$I$105,"<"&TODAY()) | L6: =IFERROR(AVERAGEIF(프로젝트!$B$6:$B$105,"<>",프로젝트!$J$6:$J$105),0)
B9: 상태별 프로젝트 수 | F9: 우선순위별 프로젝트 수 | I9: 작업(태스크) 현황
B10: 상태 | C10: 건수 | D10: 비율 | F10: 우선순위 | G10: 건수 | I10: 구분 | J10: 건수
B11: 계획 | C11: =COUNTIF(프로젝트!$G$6:$G$105,"계획") | D11: =IFERROR(C11/COUNTIF(프로젝트!$B$6:$B$105,"<>"),0) | F11: 높음 | G11: =COUNTIF(프로젝트!$F$6:$F$105,"높음") | I11: 전체 작업 | J11: =COUNTIF(작업!$B$6:$B$105,"<>")
B12: 진행중 | C12: =COUNTIF(프로젝트!$G$6:$G$105,"진행중") | D12: =IFERROR(C12/COUNTIF(프로젝트!$B$6:$B$105,"<>"),0) | F12: 중간 | G12: =COUNTIF(프로젝트!$F$6:$F$105,"중간") | I12: 진행중 | J12: =COUNTIF(작업!$G$6:$G$105,"진행중")
B13: 완료 | C13: =COUNTIF(프로젝트!$G$6:$G$105,"완료") | D13: =IFERROR(C13/COUNTIF(프로젝트!$B$6:$B$105,"<>"),0) | F13: 낮음 | G13: =COUNTIF(프로젝트!$F$6:$F$105,"낮음") | I13: 완료 | J13: =COUNTIF(작업!$G$6:$G$105,"완료")
B14: 보류 | C14: =COUNTIF(프로젝트!$G$6:$G$105,"보류") | D14: =IFERROR(C14/COUNTIF(프로젝트!$B$6:$B$105,"<>"),0) | I14: 지연 | J14: =COUNTIF(작업!$G$6:$G$105,"지연")
B15: 지연 | C15: =COUNTIF(프로젝트!$G$6:$G$105,"지연") | D15: =IFERROR(C15/COUNTIF(프로젝트!$B$6:$B$105,"<>"),0)
B18: ⚠️ 확인이 필요한 프로젝트
B19: 프로젝트 시트에서 '남은 일수'가 빨간색(마감 초과) 또는 주황색(7일 이내)으로 표시된 항목을 확인하세요.
B22: 📌 사용 방법
B23: 1. [프로젝트] 시트에 프로젝트를 등록합니다. 상태·우선순위·분류·담당자는 드롭다운으로 선택하세요.
B24: 2. [작업] 시트에 프로젝트별 세부 작업을 등록하고 프로젝트 ID로 연결합니다.
B25: 3. [간트차트] 시트에서 전체 일정을 한눈에 확인합니다. (파랑=진행, 초록=완료, 빨강=지연, 노랑 열=이번 주)
B26: 4. 이 대시보드는 자동으로 집계됩니다. 진행률은 프로젝트 시트에서 직접 입력하세요.
B27: 5. [설정] 시트에서 팀원·분류 등 드롭다운 목록을 수정할 수 있습니다.

Sheet 설정
B2: ⚙️ 설정 - 드롭다운 목록 관리
B3: 아래 목록을 수정하면 각 시트의 드롭다운 선택지가 바뀝니다. (항목 추가 시 이름 관리자에서 범위 확장 필요)
B5: 상태 | C5: 우선순위 | D5: 분류 | E5: 팀원 | G5: 상태별 색상
B6: 계획 | C6: 높음 | D6: 개발 | E6: 김철수 | G6: 계획
B7: 진행중 | C7: 중간 | D7: 디자인 | E7: 이영희 | G7: 진행중
B8: 완료 | C8: 낮음 | D8: 마케팅 | E8: 박민수 | G8: 완료
B9: 보류 | D9: 운영 | E9: 정수진 | G9: 보류
B10: 지연 | D10: 기획 | E10: 최지훈 | G10: 지연
D11: 기타

Sheet 프로젝트
B2: 📋 프로젝트 목록
B3: 행을 추가하면 수식(남은 일수·기간)을 아래로 복사하세요. 상태/우선순위 등은 드롭다운으로 선택합니다.
B5: 프로젝트 ID | C5: 프로젝트명 | D5: 담당자 | E5: 분류 | F5: 우선순위 | G5: 상태 | H5: 시작일 | I5: 마감일 | J5: 진행률 | K5: 남은 일수 | L5: 기간(일) | M5: 비고
B6: PRJ-001 | C6: 신규 홈페이지 리뉴얼 | D6: 김철수 | E6: 개발 | F6: 높음 | G6: 진행중 | H6: 46174 | I6: 46248 | J6: 0.55 | K6: =IF($B6="","",IF($G6="완료","-",I6-TODAY())) | L6: =IF($B6="","",I6-H6+1) | M6: 메인 페이지 시안 확정
B7: PRJ-002 | C7: 모바일 앱 v2.0 출시 | D7: 이영희 | E7: 개발 | F7: 높음 | G7: 진행중 | H7: 46160 | I7: 46234 | J7: 0.72 | K7: =IF($B7="","",IF($G7="완료","-",I7-TODAY())) | L7: =IF($B7="","",I7-H7+1) | M7: QA 진행 중
B8: PRJ-003 | C8: 여름 프로모션 캠페인 | D8: 박민수 | E8: 마케팅 | F8: 중간 | G8: 완료 | H8: 46174 | I8: 46203 | J8: 1 | K8: =IF($B8="","",IF($G8="완료","-",I8-TODAY())) | L8: =IF($B8="","",I8-H8+1)
B9: PRJ-004 | C9: 사내 ERP 도입 검토 | D9: 정수진 | E9: 운영 | F9: 낮음 | G9: 보류 | H9: 46204 | I9: 46295 | J9: 0.1 | K9: =IF($B9="","",IF($G9="완료","-",I9-TODAY())) | L9: =IF($B9="","",I9-H9+1) | M9: 예산 승인 대기
B10: PRJ-005 | C10: 브랜드 리디자인 | D10: 최지훈 | E10: 디자인 | F10: 중간 | G10: 지연 | H10: 46143 | I10: 46208 | J10: 0.8 | K10: =IF($B10="","",IF($G10="완료","-",I10-TODAY())) | L10: =IF($B10="","",I10-H10+1) | M10: 외주 일정 지연
B11: PRJ-006 | C11: 고객 만족도 조사 | D11: 이영희 | E11: 기획 | F11: 중간 | G11: 계획 | H11: 46224 | I11: 46242 | J11: 0 | K11: =IF($B11="","",IF($G11="완료","-",I11-TODAY())) | L11: =IF($B11="","",I11-H11+1) | M11: 설문 문항 설계 예정
K12: =IF($B12="","",IF($G12="완료","-",I12-TODAY())) | L12: =IF($B12="","",I12-H12+1)
K13: =IF($B13="","",IF($G13="완료","-",I13-TODAY())) | L13: =IF($B13="","",I13-H13+1)
K14: =IF($B14="","",IF($G14="완료","-",I14-TODAY())) | L14: =IF($B14="","",I14-H14+1)
K15: =IF($B15="","",IF($G15="완료","-",I15-TODAY())) | L15: =IF($B15="","",I15-H15+1)
K16: =IF($B16="","",IF($G16="완료","-",I16-TODAY())) | L16: =IF($B16="","",I16-H16+1)
K17: =IF($B17="","",IF($G17="완료","-",I17-TODAY())) | L17: =IF($B17="","",I17-H17+1)
K18: =IF($B18="","",IF($G18="완료","-",I18-TODAY())) | L18: =IF($B18="","",I18-H18+1)
K19: =IF($B19="","",IF($G19="완료","-",I19-TODAY())) | L19: =IF($B19="","",I19-H19+1)
K20: =IF($B20="","",IF($G20="완료","-",I20-TODAY())) | L20: =IF($B20="","",I20-H20+1)
K21: =IF($B21="","",IF($G21="완료","-",I21-TODAY())) | L21: =IF($B21="","",I21-H21+1)
K22: =IF($B22="","",IF($G22="완료","-",I22-TODAY())) | L22: =IF($B22="","",I22-H22+1)
K23: =IF($B23="","",IF($G23="완료","-",I23-TODAY())) | L23: =IF($B23="","",I23-H23+1)
... K105: =IF($B105="","",IF($G105="완료","-",I105-TODAY())) | L105: =IF($B105="","",I105-H105+1)

Sheet 작업
B2: ✅ 작업(태스크) 목록
B3: 프로젝트 ID를 입력해 프로젝트와 연결하세요. 프로젝트 시트의 진행률은 여기 작업 진행률을 참고해 직접 갱신합니다.
B5: 작업 ID | C5: 프로젝트 ID | D5: 작업명 | E5: 담당자 | F5: 우선순위 | G5: 상태 | H5: 시작일 | I5: 마감일 | J5: 진행률 | K5: 남은 일수 | L5: 비고
B6: T-001 | C6: PRJ-001 | D6: 와이어프레임 작성 | E6: 김철수 | F6: 높음 | G6: 완료 | H6: 46174 | I6: 46185 | J6: 1 | K6: =IF($B6="","",IF($G6="완료","-",I6-TODAY()))
B7: T-002 | C7: PRJ-001 | D7: 메인 페이지 퍼블리싱 | E7: 김철수 | F7: 높음 | G7: 진행중 | H7: 46188 | I7: 46221 | J7: 0.6 | K7: =IF($B7="","",IF($G7="완료","-",I7-TODAY()))
B8: T-003 | C8: PRJ-001 | D8: 백엔드 API 연동 | E8: 박민수 | F8: 중간 | G8: 진행중 | H8: 46204 | I8: 46241 | J8: 0.3 | K8: =IF($B8="","",IF($G8="완료","-",I8-TODAY()))
B9: T-004 | C9: PRJ-002 | D9: 베타 테스트 피드백 반영 | E9: 이영희 | F9: 높음 | G9: 진행중 | H9: 46195 | I9: 46220 | J9: 0.8 | K9: =IF($B9="","",IF($G9="완료","-",I9-TODAY()))
B10: T-005 | C10: PRJ-002 | D10: 스토어 심사 제출 | E10: 이영희 | F10: 높음 | G10: 계획 | H10: 46223 | I10: 46230 | J10: 0 | K10: =IF($B10="","",IF($G10="완료","-",I10-TODAY())) | L10: 심사 기간 고려
B11: T-006 | C11: PRJ-005 | D11: 로고 시안 확정 | E11: 최지훈 | F11: 중간 | G11: 지연 | H11: 46174 | I11: 46206 | J11: 0.9 | K11: =IF($B11="","",IF($G11="완료","-",I11-TODAY())) | L11: 외주사 회신 대기
K12: =IF($B12="","",IF($G12="완료","-",I12-TODAY()))
K13: =IF($B13="","",IF($G13="완료","-",I13-TODAY()))
K14: =IF($B14="","",IF($G14="완료","-",I14-TODAY()))
K15: =IF($B15="","",IF($G15="완료","-",I15-TODAY()))
K16: =IF($B16="","",IF($G16="완료","-",I16-TODAY()))
K17: =IF($B17="","",IF($G17="완료","-",I17-TODAY()))
K18: =IF($B18="","",IF($G18="완료","-",I18-TODAY()))
K19: =IF($B19="","",IF($G19="완료","-",I19-TODAY()))
K20: =IF($B20="","",IF($G20="완료","-",I20-TODAY()))
K21: =IF($B21="","",IF($G21="완료","-",I21-TODAY()))
K22: =IF($B22="","",IF($G22="완료","-",I22-TODAY()))
K23: =IF($B23="","",IF($G23="완료","-",I23-TODAY()))
... K105: =IF($B105="","",IF($G105="완료","-",I105-TODAY()))

Sheet 간트차트
B2: 📊 간트차트 (주 단위 타임라인) | E2: 기준일: | F2: 46146
B3: F2 셀의 시작 기준일을 바꾸면 전체 타임라인이 이동합니다. 프로젝트 시트 데이터가 자동 반영됩니다.
B5: 프로젝트명 | C5: 상태 | D5: 시작일 | E5: 마감일 | F5: =$F$2+0 | G5: =$F$2+7 | H5: =$F$2+14 | I5: =$F$2+21 | J5: =$F$2+28 | K5: =$F$2+35 | L5: =$F$2+42 | M5: =$F$2+49 | N5: =$F$2+56 | O5: =$F$2+63 | P5: =$F$2+70 | Q5: =$F$2+77 | R5: =$F$2+84 | S5: =$F$2+91 | T5: =$F$2+98 | U5: =$F$2+105 | V5: =$F$2+112 | W5: =$F$2+119 | X5: =$F$2+126 | Y5: =$F$2+133 | Z5: =$F$2+140 | AA5: =$F$2+147 | AB5: =$F$2+154 | AC5: =$F$2+161 | AD5: =$F$2+168 | AE5: =$F$2+175
B6: =IF(프로젝트!$C6="","",프로젝트!$C6) | C6: =IF(프로젝트!$C6="","",프로젝트!$G6) | D6: =IF(프로젝트!$C6="","",프로젝트!$H6) | E6: =IF(프로젝트!$C6="","",프로젝트!$I6)
B7: =IF(프로젝트!$C7="","",프로젝트!$C7) | C7: =IF(프로젝트!$C7="","",프로젝트!$G7) | D7: =IF(프로젝트!$C7="","",프로젝트!$H7) | E7: =IF(프로젝트!$C7="","",프로젝트!$I7)
B8: =IF(프로젝트!$C8="","",프로젝트!$C8) | C8: =IF(프로젝트!$C8="","",프로젝트!$G8) | D8: =IF(프로젝트!$C8="","",프로젝트!$H8) | E8: =IF(프로젝트!$C8="","",프로젝트!$I8)
B9: =IF(프로젝트!$C9="","",프로젝트!$C9) | C9: =IF(프로젝트!$C9="","",프로젝트!$G9) | D9: =IF(프로젝트!$C9="","",프로젝트!$H9) | E9: =IF(프로젝트!$C9="","",프로젝트!$I9)
B10: =IF(프로젝트!$C10="","",프로젝트!$C10) | C10: =IF(프로젝트!$C10="","",프로젝트!$G10) | D10: =IF(프로젝트!$C10="","",프로젝트!$H10) | E10: =IF(프로젝트!$C10="","",프로젝트!$I10)
B11: =IF(프로젝트!$C11="","",프로젝트!$C11) | C11: =IF(프로젝트!$C11="","",프로젝트!$G11) | D11: =IF(프로젝트!$C11="","",프로젝트!$H11) | E11: =IF(프로젝트!$C11="","",프로젝트!$I11)
B12: =IF(프로젝트!$C12="","",프로젝트!$C12) | C12: =IF(프로젝트!$C12="","",프로젝트!$G12) | D12: =IF(프로젝트!$C12="","",프로젝트!$H12) | E12: =IF(프로젝트!$C12="","",프로젝트!$I12)
B13: =IF(프로젝트!$C13="","",프로젝트!$C13) | C13: =IF(프로젝트!$C13="","",프로젝트!$G13) | D13: =IF(프로젝트!$C13="","",프로젝트!$H13) | E13: =IF(프로젝트!$C13="","",프로젝트!$I13)
B14: =IF(프로젝트!$C14="","",프로젝트!$C14) | C14: =IF(프로젝트!$C14="","",프로젝트!$G14) | D14: =IF(프로젝트!$C14="","",프로젝트!$H14) | E14: =IF(프로젝트!$C14="","",프로젝트!$I14)
B15: =IF(프로젝트!$C15="","",프로젝트!$C15) | C15: =IF(프로젝트!$C15="","",프로젝트!$G15) | D15: =IF(프로젝트!$C15="","",프로젝트!$H15) | E15: =IF(프로젝트!$C15="","",프로젝트!$I15)
B16: =IF(프로젝트!$C16="","",프로젝트!$C16) | C16: =IF(프로젝트!$C16="","",프로젝트!$G16) | D16: =IF(프로젝트!$C16="","",프로젝트!$H16) | E16: =IF(프로젝트!$C16="","",프로젝트!$I16)
B17: =IF(프로젝트!$C17="","",프로젝트!$C17) | C17: =IF(프로젝트!$C17="","",프로젝트!$G17) | D17: =IF(프로젝트!$C17="","",프로젝트!$H17) | E17: =IF(프로젝트!$C17="","",프로젝트!$I17)
... B35: =IF(프로젝트!$C35="","",프로젝트!$C35) | C35: =IF(프로젝트!$C35="","",프로젝트!$G35) | D35: =IF(프로젝트!$C35="","",프로젝트!$H35) | E35: =IF(프로젝트!$C35="","",프로젝트!$I35)
